{
  "samplerate": 48000,
  "timestamps": [
    {
      "iso_time": "2025-07-10T15:05:17.004938+00:00",
      "gps_time": 1752159917.004938,
      "sample_offset": 0,
      "location": 